approximate_timing,maxVal,std,skewness,kurtosis_,max_deviation,centroids_ptp,centroids_mean,centroids_std,centroids_kurt,centroids_skew,sp_bandwidth_ptp,sp_bandwidth_mean,sp_bandwidth_std,sp_bandwidth_skew,fft_1,rms,p_t_p,crest_f,prediction
0:0.0 - 0:1.5,0.0,0.0,0.0,-3.0,0.0,0.0,0.0,0.0,-3.0,0.0,0.0,0.0,0.0,0.0,-0.0,0.0,0.0,,0.001229909
0:1.5 - 0:3.0,0.0,0.0,0.0,-3.0,0.0,0.0,0.0,0.0,-3.0,0.0,0.0,0.0,0.0,0.0,-0.0,0.0,0.0,,0.001229909
0:3.0 - 0:4.5,0.0,0.0,0.0,-3.0,0.0,0.0,0.0,0.0,-3.0,0.0,0.0,0.0,0.0,0.0,-0.0,0.0,0.0,,0.001229909
0:4.5 - 0:5.9,0.0,0.0,0.0,-3.0,0.0,0.0,0.0,0.0,-3.0,0.0,0.0,0.0,0.0,0.0,-0.0,0.0,0.0,,0.001229909
0:5.9 - 0:7.4,0.0,0.0,0.0,-3.0,0.0,0.0,0.0,0.0,-3.0,0.0,0.0,0.0,0.0,0.0,-0.0,0.0,0.0,,0.001229909
0:7.4 - 0:8.9,0.0,0.0,0.0,-3.0,0.0,0.0,0.0,0.0,-3.0,0.0,0.0,0.0,0.0,0.0,-0.0,0.0,0.0,,0.001229909
0:8.9 - 0:10.4,10432.0,240.8,0.9,240.1,10422.0,15079.1,3849.1,6296.3,-0.9,1.0,8832.6,2344.8,3833.9,1.0,0.0,27.0,18663.0,386.0,0.0033442574
0:10.4 - 0:11.9,9523.0,540.3,-0.1,25.3,10349.9,2392.5,14185.7,369.0,0.6,-0.4,606.0,8681.8,99.3,-0.2,0.0,48.9,19834.0,194.6,0.00072326226
0:11.9 - 0:13.4,10607.0,844.5,-0.2,8.6,10570.6,3792.6,14596.5,630.8,0.9,0.8,1111.1,8709.6,130.0,-1.7,-0.5,39.8,20669.0,266.3,0.0009155035
0:13.4 - 0:14.9,21574.0,3435.1,0.0,0.5,21539.5,6184.6,17874.0,947.1,0.7,-0.4,4291.6,7483.9,756.4,-0.5,0.5,13.5,-29834.0,1594.3,0.9730083
0:14.9 - 0:16.3,11261.0,2336.4,-0.0,1.3,11359.9,3801.2,16577.3,831.4,-0.7,-0.1,1578.5,8460.5,359.4,-0.7,0.5,18.6,22583.0,604.9,0.9880812
0:16.3 - 0:17.8,11653.0,902.1,-0.0,7.6,11614.7,3106.9,14960.8,601.3,-0.3,0.2,631.0,8737.2,110.6,-0.6,0.5,35.1,21923.0,332.2,0.00046012778
0:17.8 - 0:19.3,10585.0,583.1,-0.1,16.0,10546.5,2468.2,14231.7,422.3,0.4,0.2,532.9,8663.2,99.2,0.1,0.0,45.8,19220.0,231.0,0.0009885489
0:19.3 - 0:20.8,10963.0,713.4,-0.0,18.3,10925.4,3279.6,14226.6,555.8,0.9,-0.7,1098.8,8666.3,144.0,-1.6,0.0,40.3,21631.0,272.0,0.00044743996
0:20.8 - 0:22.3,7735.0,648.7,-0.1,13.5,9855.0,2607.7,14058.0,457.6,0.2,-0.3,870.8,8624.0,139.0,-1.0,0.0,42.7,17553.0,181.4,0.0004947051
0:22.3 - 0:23.8,9047.0,591.6,-0.1,27.0,10206.9,1966.1,14231.1,384.6,-0.2,-0.3,728.7,8677.8,99.8,-0.7,0.0,47.1,19215.0,192.1,0.0005730131
0:23.8 - 0:25.3,10103.0,597.9,0.2,26.7,10063.9,1776.0,14217.3,280.4,0.1,-0.1,411.4,8670.5,78.0,-0.0,0.0,47.7,20126.0,212.0,0.0008941431
0:25.3 - 0:26.7,20209.0,1113.7,0.5,46.0,20170.7,5083.3,14478.8,704.1,10.1,2.7,2048.5,8680.8,190.6,-4.0,-0.5,45.1,-31793.0,448.0,0.0030573036
0:26.7 - 0:28.2,11835.0,2213.7,0.0,1.9,11924.8,4396.3,16533.0,814.2,0.1,0.7,2390.9,8374.8,462.0,-1.6,0.5,20.3,23721.0,582.5,0.9567222
0:28.2 - 0:29.7,10436.0,1006.8,-0.0,4.1,10397.3,2238.9,15194.1,469.0,-0.6,-0.0,820.3,8762.4,88.8,-1.9,0.5,33.0,20608.0,316.3,0.00044743996
0:29.7 - 0:31.2,10686.0,594.5,0.0,25.6,11609.4,2125.3,14495.3,380.1,-0.1,0.2,472.8,8725.1,73.4,0.0,0.0,47.1,22256.0,227.1,0.0008941431
0:31.2 - 0:32.7,9484.0,515.0,0.1,17.7,9445.9,1574.2,14211.9,313.5,-0.6,0.1,468.6,8688.0,81.3,-0.1,0.0,50.4,16621.0,188.3,0.0014585714
0:32.7 - 0:34.2,10149.0,587.1,-0.1,33.5,11322.9,1926.1,14268.1,360.3,0.1,0.1,620.8,8690.0,94.8,-0.4,0.0,49.1,21433.0,206.6,0.00072326226
0:34.2 - 0:35.7,7210.0,497.4,0.1,19.2,7171.0,2149.0,14138.7,364.5,0.9,-0.7,510.3,8659.8,84.6,-1.0,0.0,51.7,13598.0,139.3,0.00036452178
0:35.7 - 0:37.2,11133.0,529.2,0.4,37.0,11094.2,2654.4,14161.0,400.8,1.7,0.5,565.0,8657.5,99.2,-1.0,0.0,50.8,20797.0,219.3,0.00034590997
0:37.2 - 0:38.6,11507.0,545.3,0.1,27.8,11467.9,2677.8,14245.9,354.4,3.1,0.6,655.6,8683.9,83.9,-0.9,0.0,49.5,19958.0,232.6,0.00034590997
0:38.6 - 0:40.1,11238.0,544.0,0.4,31.8,11198.9,2449.9,14241.4,405.8,0.5,-0.3,656.9,8683.7,109.0,-0.8,0.0,48.6,20376.0,231.2,0.0005182701
0:40.1 - 0:41.6,10936.0,596.4,0.2,22.1,10896.7,1947.6,14263.0,333.6,0.4,-0.4,455.2,8691.5,76.9,-0.3,0.0,48.1,20182.0,227.2,0.00046012778
0:41.6 - 0:43.1,10935.0,551.9,0.2,29.5,10895.8,2250.8,14216.4,345.1,1.1,0.6,557.2,8694.3,83.7,-0.0,0.0,49.0,20350.0,223.3,0.0005968542
0:43.1 - 0:44.6,7423.0,511.1,0.0,10.1,7384.2,2703.4,14461.6,529.3,-0.4,0.1,591.2,8710.1,94.8,-0.7,0.0,47.9,14258.0,154.8,0.00036452178
0:44.6 - 0:46.1,21210.0,1763.8,0.3,14.2,21171.4,5029.7,15575.8,948.4,2.7,1.8,3598.5,8619.1,465.0,-3.0,0.5,33.4,-28411.0,634.2,0.020398488
0:46.1 - 0:47.6,12170.0,2755.7,0.0,0.6,12132.8,3617.4,17428.2,783.8,-0.1,0.7,2948.2,7911.5,694.1,-1.3,0.5,15.4,24131.0,791.6,0.95554554
0:47.6 - 0:49.0,10263.0,1504.3,-0.0,1.2,10226.8,1941.1,15782.2,346.3,0.7,-0.5,798.6,8789.3,79.1,-1.1,-0.5,27.1,18842.0,378.1,0.00044980744
0:49.0 - 0:50.5,6753.0,862.1,-0.0,1.7,6716.4,1623.6,15246.1,325.1,-0.4,-0.2,496.3,8815.4,76.2,0.2,0.0,34.7,12918.0,194.9,0.0023378436
0:50.5 - 0:52.0,10467.0,818.9,0.1,3.5,10427.8,1871.9,15042.2,324.9,0.2,-0.4,357.9,8781.8,64.3,0.2,0.0,34.8,18333.0,300.5,0.0006289596
0:52.0 - 0:53.5,8361.0,754.4,0.1,3.4,8324.7,1830.7,14998.9,301.1,0.6,-0.2,387.2,8791.8,76.5,0.5,0.0,37.3,15145.0,224.3,0.00079899223
0:53.5 - 0:55.0,12097.0,761.0,0.1,10.1,12058.3,1710.0,14850.9,273.9,0.3,0.0,617.4,8750.3,86.2,-1.4,-0.5,37.0,23981.0,326.6,0.0012717322
0:55.0 - 0:56.5,6513.0,643.5,0.0,2.1,6473.4,1362.7,15010.5,245.4,-0.1,-0.1,387.8,8789.0,64.6,0.1,0.0,39.0,11080.0,167.2,0.0023378436
0:56.5 - 0:58.0,10420.0,672.8,-0.0,6.0,10380.8,1910.3,14781.8,296.6,0.3,-0.3,468.9,8769.2,72.4,0.2,0.0,39.4,19934.0,264.6,0.0008941431
0:58.0 - 0:59.4,8709.0,632.5,0.0,4.1,8670.1,1555.5,14824.5,286.2,0.2,-0.6,455.3,8779.6,71.9,0.5,0.0,39.1,15281.0,223.0,0.0018524651
0:59.4 - 1:0.9,9148.0,605.4,-0.1,5.7,11316.1,1743.3,14951.2,274.9,0.5,-0.5,436.5,8780.9,67.2,-0.5,0.0,40.1,20425.0,227.9,0.0016770526
1:0.9 - 1:2.4,9740.0,627.0,0.1,4.7,9700.4,1432.4,14819.5,281.5,0.2,-0.6,419.2,8767.6,64.8,-0.6,0.0,39.1,16549.0,248.9,0.00075078965
1:2.4 - 1:3.9,11248.0,656.8,0.0,5.0,11200.1,11145.5,6806.0,3869.6,0.5,1.6,3231.3,6399.1,1147.7,1.5,0.0,36.0,20324.0,312.4,0.003995871
1:3.9 - 1:5.4,6259.0,725.1,-0.1,2.1,7518.5,2655.4,4984.2,473.6,1.7,1.3,310.8,5824.5,62.2,0.0,-0.0,36.3,13726.0,172.5,0.0009810512
1:5.4 - 1:6.9,16500.0,3139.4,0.2,3.5,16447.0,5196.7,3128.1,1452.2,-0.7,0.8,2160.5,5083.2,600.9,0.0,0.0,21.5,31271.0,768.1,0.9745218
1:6.9 - 1:8.4,12681.0,1540.8,-0.0,0.9,14052.3,2945.8,3570.4,699.8,-0.3,0.8,1064.3,5456.3,272.2,0.3,-0.0,24.2,26681.0,523.1,0.009050507
1:8.4 - 1:9.8,11497.0,1458.7,0.0,3.3,11442.6,2338.8,3839.1,416.9,-0.2,-0.0,903.7,5574.7,164.2,-0.5,-0.0,25.7,21787.0,446.5,0.0016042069
1:9.8 - 1:11.3,11217.0,1420.3,-0.1,5.3,12625.9,3262.9,4246.2,531.6,0.5,0.3,1030.9,5711.2,157.7,-1.2,0.0,27.1,23792.0,413.4,0.0026082601
1:11.3 - 1:12.8,8644.0,1339.7,0.1,0.6,8593.2,3970.8,4502.1,673.7,0.6,0.3,938.6,5739.3,177.7,-1.1,-0.0,26.3,16308.0,329.3,0.001498889
1:12.8 - 1:14.3,4365.0,992.6,-0.1,0.3,4343.3,2177.2,4316.9,390.3,-0.1,-0.1,610.4,5687.6,114.5,-0.8,-0.0,30.4,8656.0,143.4,0.0006390251
1:14.3 - 1:15.8,3194.0,764.4,-0.0,0.2,3366.6,1876.7,4759.3,349.3,-0.1,-0.4,424.3,5791.9,73.3,-1.2,-0.0,34.7,6512.0,92.2,0.00051123864
1:15.8 - 1:17.3,3463.0,689.8,-0.1,0.2,3411.1,1953.1,4775.9,314.1,0.4,-0.1,423.2,5790.6,59.6,-1.3,-0.0,35.3,6546.0,98.2,0.0005853388
1:17.3 - 1:18.8,2863.0,739.8,-0.0,0.1,2995.2,1893.4,4702.5,325.5,-0.2,0.0,365.3,5774.1,65.6,-0.8,0.0,32.0,5808.0,89.4,0.0005581324
1:18.8 - 1:20.2,6462.0,1088.2,-0.2,2.7,7048.5,3170.6,4351.6,535.6,1.0,-0.7,1058.2,5673.1,171.3,-2.2,-0.0,30.5,13466.0,211.6,0.0041366997
1:20.2 - 1:21.7,8209.0,1372.3,0.3,4.0,8156.9,3820.0,4209.8,679.8,1.1,-1.1,1743.9,5613.8,268.9,-2.2,0.0,29.1,15309.0,281.6,0.0028781851
1:21.7 - 1:23.2,6216.0,1404.0,0.1,1.2,6167.8,3489.4,4137.6,683.1,-0.4,-0.3,1165.5,5597.7,239.5,-1.1,-0.0,24.3,12272.0,256.0,0.0024756088
1:23.2 - 1:24.7,15503.0,3205.2,0.2,2.9,15449.0,5155.6,2418.7,792.2,3.2,1.0,2349.8,4790.1,509.4,-0.4,-0.0,15.3,29808.0,1012.2,0.96475726
1:24.7 - 1:26.2,7894.0,2129.2,-0.0,0.2,7850.0,2544.1,2944.6,515.5,-0.7,0.1,1498.1,5126.6,302.7,-0.4,-0.0,20.2,15097.0,389.9,0.00470085
1:26.2 - 1:27.7,8318.0,2055.3,0.1,0.7,8263.7,2812.6,3223.3,643.7,-0.6,-0.2,1486.0,5234.1,345.2,-0.8,-0.0,19.4,15402.0,428.6,0.0054047233
1:27.7 - 1:29.2,6760.0,1449.7,0.1,0.9,6706.5,2771.1,3868.8,586.8,-0.6,-0.0,1149.8,5520.3,219.9,-0.7,-0.0,25.0,13263.0,270.4,0.002702199
1:29.2 - 1:30.7,3799.0,979.2,-0.1,0.1,4355.7,2082.7,4371.5,378.3,-0.3,0.0,559.6,5695.9,100.1,-0.7,0.0,30.3,8101.0,125.4,0.0006390251
1:30.7 - 1:32.1,5916.0,1376.6,0.1,1.1,6234.7,3191.0,4177.4,643.6,-0.5,-0.3,998.0,5620.2,218.0,-1.1,0.0,27.0,12100.0,218.9,0.0019865118
1:32.1 - 1:33.6,7924.0,1059.3,0.0,3.4,8860.7,2590.1,4683.2,409.4,0.6,0.0,574.0,5803.9,81.8,-1.1,0.0,29.3,16732.0,270.1,0.00041510953
1:33.6 - 1:35.1,4244.0,779.6,0.1,0.8,4198.9,3614.4,5496.8,920.9,-1.4,0.4,3628.8,7051.5,1547.5,0.4,-0.0,33.9,7857.0,125.3,0.0038797376
1:35.1 - 1:36.6,4780.0,932.6,-0.1,1.3,5167.9,1222.5,6547.3,225.0,0.3,0.6,420.4,9030.2,82.6,-0.3,0.0,32.8,9908.0,145.7,0.00089521974
1:36.6 - 1:38.1,6823.0,1426.0,0.0,1.8,7407.9,1908.3,6386.0,302.0,4.0,1.5,682.4,9079.5,106.2,-1.1,0.0,27.7,14191.0,246.1,0.0003501786
1:38.1 - 1:39.6,16516.0,3060.7,-0.2,1.5,16477.1,979.7,5916.7,133.1,3.0,1.3,681.1,9221.7,72.5,-2.2,-0.0,17.6,32296.0,937.2,0.88050747
1:39.6 - 1:41.1,13029.0,2603.2,-0.2,2.6,15600.9,939.2,6056.3,181.3,0.6,0.9,807.6,9164.3,93.8,-2.2,0.0,21.9,28591.0,594.5,0.9089836
1:41.1 - 1:42.5,11344.0,2266.9,-0.2,2.5,12834.2,1088.3,6065.9,185.9,1.4,0.8,902.5,9148.6,97.1,-2.8,0.0,22.0,24142.0,514.6,0.03361764
1:42.5 - 1:44.0,13778.0,2932.7,-0.1,1.7,15506.3,772.6,5954.4,146.4,-0.1,0.4,411.9,9176.9,66.4,-1.0,-0.0,16.5,29245.0,833.2,0.0627625
1:44.0 - 1:45.5,8103.0,1781.6,-0.1,1.2,8888.6,1164.5,6117.1,178.1,2.2,1.1,614.0,9130.6,66.9,-1.8,-0.0,22.8,16954.0,356.0,0.0009794697
1:45.5 - 1:47.0,9234.0,1856.0,-0.0,1.2,9662.0,662.6,5943.5,110.4,-0.1,0.2,367.2,9148.5,55.6,-0.8,0.0,20.8,18857.0,443.8,0.0024362388
1:47.0 - 1:48.5,17320.0,3747.2,-0.1,1.2,17532.5,1030.5,5714.3,105.1,10.4,1.6,628.2,9180.2,70.5,-3.3,-0.0,15.6,-30723.0,1107.4,0.009960155
1:48.5 - 1:50.0,12919.0,2990.5,-0.0,0.9,12999.4,648.4,5723.9,80.7,1.5,0.2,671.1,9201.8,63.7,-3.3,-0.0,16.8,25876.0,770.3,0.023597032
1:50.0 - 1:51.5,12685.0,2805.6,-0.1,1.1,14395.1,1021.0,5761.8,94.3,22.9,2.9,890.1,9197.3,68.4,-6.3,-0.0,15.5,27043.0,816.8,0.011392833
1:51.5 - 1:52.9,20368.0,3550.9,-0.1,3.0,24273.1,991.4,5740.6,144.4,5.5,1.8,764.4,9189.1,89.7,-1.6,0.0,17.7,-20934.0,1148.4,0.14001016
1:52.9 - 1:54.4,10603.0,2723.7,-0.4,1.4,13651.5,1205.9,5752.2,124.9,16.5,2.9,442.0,9200.8,65.8,-0.8,0.0,16.6,24217.0,637.1,0.87174827
1:54.4 - 1:55.9,12159.0,2878.9,-0.3,1.2,14719.8,745.1,5809.8,97.6,4.6,1.4,800.3,9218.7,70.9,-3.6,-0.0,14.6,26840.0,833.1,0.087987915
1:55.9 - 1:57.4,10674.0,2135.8,-0.1,2.3,13738.6,1247.0,6062.2,244.5,0.3,0.6,955.2,9168.7,92.5,-3.1,0.0,24.1,24373.0,442.3,0.005492863
1:57.4 - 1:58.9,7718.0,1372.2,-0.1,2.3,7735.5,1169.7,6345.7,282.5,-0.8,0.3,961.5,9104.7,120.8,-1.0,0.0,28.5,15412.0,270.5,0.0016851182
1:58.9 - 2:0.4,10459.0,1681.6,0.1,3.3,12949.4,1314.7,6165.1,250.3,0.7,0.9,486.7,9131.8,101.8,-0.5,0.0,26.3,23364.0,397.0,0.0008460995
2:0.4 - 2:1.9,14495.0,2333.1,0.1,2.1,14451.8,663.6,5894.2,110.2,0.2,0.1,433.8,9214.7,55.3,-1.1,0.0,20.7,26766.0,700.3,0.038807556
2:1.9 - 2:3.3,9109.0,1827.7,0.0,1.4,9070.0,855.7,5964.6,107.4,4.1,1.2,651.6,9187.7,62.3,-2.9,0.0,24.2,17898.0,375.8,0.0016502363
2:3.3 - 2:4.8,8546.0,1861.4,-0.1,1.7,10865.8,1371.8,5928.5,116.0,27.1,3.1,942.7,9164.8,80.4,-4.2,0.0,24.9,19372.0,343.8,0.002537885
2:4.8 - 2:6.3,11321.0,2287.0,-0.1,1.3,11278.7,605.1,5889.8,93.6,0.9,0.5,471.2,9198.4,54.0,-1.1,0.0,18.7,21613.0,605.5,0.014800801
2:6.3 - 2:7.8,13371.0,2736.2,0.0,1.2,14643.2,514.8,5818.1,86.7,1.2,0.6,291.1,9213.8,50.1,-0.8,0.0,16.5,27974.0,809.2,0.019410942
2:7.8 - 2:9.3,14493.0,3909.9,-0.2,0.9,18879.8,1038.5,5708.5,89.1,38.5,4.7,759.3,9259.9,63.6,-5.3,-0.0,12.0,-32204.0,1211.6,0.044743948
2:9.3 - 2:10.8,15698.0,3624.9,-0.2,0.9,17442.4,1291.0,5711.6,115.9,45.5,5.6,967.0,9258.8,87.5,-7.0,0.0,14.1,-32437.0,1111.6,0.044743948
2:10.8 - 2:12.3,19108.0,3484.9,-0.2,2.3,23407.4,1006.7,5702.1,87.2,28.2,3.3,741.9,9223.2,80.4,-2.1,-0.0,16.2,-23061.0,1182.6,0.79980075
2:12.3 - 2:13.7,5761.0,1143.9,-0.2,2.5,8140.1,3094.5,4914.0,688.4,-1.0,-0.1,3827.1,6471.7,1298.4,1.6,0.0,26.7,13822.0,215.4,0.0099259075
2:13.7 - 2:15.2,3769.0,1080.8,-0.1,-0.0,5765.2,2913.4,4420.8,588.5,-0.1,-0.6,881.2,5775.4,177.2,-1.4,0.0,27.0,9444.0,139.6,0.0017918464
2:15.2 - 2:16.7,21591.0,1797.1,0.6,20.1,21503.8,4600.8,3684.4,928.2,-0.1,0.3,1796.1,5429.9,359.7,-1.1,-0.0,35.1,-26132.0,615.1,0.8507766
2:16.7 - 2:18.2,26381.0,6341.0,-0.4,3.6,32812.4,3067.0,6237.2,354.4,5.5,-0.6,3434.3,8890.4,343.0,-7.3,-0.0,22.1,-6387.0,1196.4,0.97271234
2:18.2 - 2:19.7,23840.0,4955.6,-0.0,1.0,23798.5,911.5,5901.1,132.4,1.0,0.1,387.4,8894.7,66.5,-0.1,0.0,9.5,-19219.0,2504.6,0.8239962
2:19.7 - 2:21.2,24122.0,5318.4,-0.0,0.9,25121.5,761.6,5983.0,137.6,0.6,0.6,647.5,8895.4,81.6,-0.3,-0.0,,-16333.0,,0.014794155
2:21.2 - 2:22.7,22281.0,5217.1,-0.1,0.9,26576.6,1068.1,6035.6,172.4,0.8,0.7,790.5,8884.3,85.5,-1.2,-0.0,10.3,-16718.0,2154.5,0.049889993
2:22.7 - 2:24.1,20586.0,4197.6,-0.0,1.3,20540.4,854.5,5953.2,150.7,0.2,0.4,661.7,8860.7,86.3,-0.9,-0.0,2.8,-24807.0,7263.7,0.011282508
2:24.1 - 2:25.6,23470.0,4593.5,-0.0,2.0,28904.1,835.2,5827.5,136.8,2.2,1.1,674.3,8914.6,85.9,-0.5,0.0,10.3,-13200.0,2272.4,0.020243697
2:25.6 - 2:27.1,23949.0,4805.4,0.0,1.7,30090.4,686.1,5876.4,122.1,2.1,1.1,697.3,8839.5,83.6,-0.7,-0.0,11.5,-11535.0,2084.5,0.0303463
2:27.1 - 2:28.6,24665.0,5451.3,-0.0,1.1,31787.9,1043.0,5890.8,165.6,1.9,1.1,747.0,8857.9,97.0,-0.4,0.0,10.5,-9120.0,2343.6,0.03246588
2:28.6 - 2:30.1,21904.0,3666.6,-0.0,2.2,21856.2,798.4,5900.9,143.0,0.6,0.6,658.6,8867.1,77.2,-0.5,0.0,14.0,-22485.0,1565.0,0.03285439
2:30.1 - 2:31.6,23186.0,4324.7,0.0,1.3,27279.1,1457.4,5931.1,187.9,10.8,2.5,653.3,8873.6,95.0,-0.2,0.0,14.0,-15111.0,1656.3,0.027116165
2:31.6 - 2:33.1,22681.0,3279.5,0.0,2.0,25099.7,1955.2,5956.2,241.5,10.4,2.7,651.8,8851.9,90.6,-0.5,-0.0,16.7,-17802.0,1358.6,0.02534258
2:33.1 - 2:34.6,11469.0,1655.0,-0.0,3.1,11428.4,1904.7,6174.8,300.3,4.9,1.8,546.3,8880.7,98.0,-0.1,-0.0,25.9,22689.0,443.2,0.0006314727
2:34.6 - 2:36.0,6093.0,1138.4,-0.0,1.9,6605.5,2452.0,6211.4,285.4,14.9,2.9,628.2,8880.6,113.5,-0.3,-0.0,30.1,12655.0,202.2,0.0003394105
2:36.0 - 2:37.5,5362.0,838.5,0.0,1.8,5763.2,1277.3,6422.6,203.3,0.1,0.2,536.4,8890.4,89.0,-0.3,0.0,35.2,11085.0,152.2,0.0011122295
2:37.5 - 2:39.0,3424.0,534.1,-0.1,1.7,3841.7,1521.4,6766.0,264.2,-0.0,-0.0,501.1,8784.7,90.6,-0.1,0.0,41.8,7223.0,81.9,0.003670845
2:39.0 - 2:40.5,4045.0,571.4,-0.1,2.2,4002.5,1323.1,6759.4,278.5,-0.5,0.0,517.4,8820.8,99.3,-0.1,0.0,42.0,7780.0,96.3,0.003670845
2:40.5 - 2:42.0,5113.0,754.0,0.0,2.8,5071.7,1481.2,6551.3,331.1,-0.7,0.5,597.2,8870.0,128.6,-0.4,-0.0,40.1,9389.0,127.4,0.00084858877
2:42.0 - 2:43.5,4745.0,921.2,-0.0,1.3,4703.3,1186.5,6354.1,208.2,2.6,1.3,619.7,8950.7,93.4,-0.7,-0.0,33.2,9264.0,143.0,0.0009339605
2:43.5 - 2:45.0,4115.0,669.7,0.2,3.1,4071.4,1436.5,6736.6,362.2,-0.9,0.3,751.5,8844.3,155.8,-0.2,0.0,42.4,7954.0,97.0,0.0022975423
2:45.0 - 2:46.4,4141.0,621.2,0.1,3.2,4098.8,1463.4,6779.8,278.4,-0.4,0.3,662.2,8831.0,141.6,0.1,0.0,43.6,8195.0,94.9,0.0014585714
2:46.4 - 2:47.9,3733.0,484.5,-0.2,3.8,3690.1,1676.8,6923.6,320.8,-0.4,0.1,793.6,8753.3,150.7,-0.1,0.0,48.1,7355.0,77.5,0.008341212
2:47.9 - 2:49.4,3028.0,453.2,-0.0,3.7,3203.6,1587.8,6962.4,313.4,-0.5,0.1,648.0,8723.8,139.2,0.3,0.0,48.7,6189.0,62.1,0.0018524651
2:49.4 - 2:50.9,29941.0,2495.3,0.1,6.1,29901.2,8045.3,12836.9,2063.8,4.2,-2.4,2003.7,9776.7,407.2,-1.3,0.5,26.0,-15162.0,1150.1,0.96538615
2:50.9 - 2:52.4,13184.0,2223.0,0.1,3.1,13148.0,2672.4,13406.6,443.1,0.3,-0.3,1383.8,9977.1,203.1,-0.4,-0.5,24.9,23450.0,529.5,0.06832248
2:52.4 - 2:53.9,13786.0,1813.9,0.3,7.3,13747.2,2764.1,13043.3,480.0,-0.1,0.4,1650.3,9608.4,423.1,0.1,0.5,37.9,26459.0,364.0,0.019273207
2:53.9 - 2:55.4,18545.0,2214.9,-0.0,5.2,19345.6,2218.2,13439.1,435.1,0.4,-1.0,1672.1,9759.7,263.0,-0.7,-0.5,28.2,-27686.0,658.6,0.93004376
2:55.4 - 2:56.8,11750.0,2108.0,0.0,4.1,12141.2,2191.0,13197.3,443.0,-0.4,0.1,1473.9,9778.0,338.5,-0.2,-0.5,30.6,23851.0,383.7,0.034094803
2:56.8 - 2:58.3,11558.0,1540.1,0.1,7.7,11523.4,1786.8,13152.8,313.1,1.2,1.0,1397.9,9555.7,282.4,1.0,0.5,36.5,22213.0,316.6,0.0025121302
2:58.3 - 2:59.8,23597.0,2604.3,0.0,3.6,23558.4,2242.5,13669.3,346.3,3.3,-1.4,854.4,9944.8,144.2,-0.3,-0.5,21.8,-22024.0,1080.0,0.065140784
2:59.8 - 3:1.3,10389.0,1897.7,0.3,3.2,11086.2,2052.6,13304.3,402.4,-0.0,-0.4,1164.6,9820.4,207.6,-0.2,-0.5,26.8,21438.0,387.0,0.0380718
3:1.3 - 3:2.8,9100.0,1822.7,-0.1,3.0,10396.9,1771.6,13320.4,318.7,0.0,0.1,1129.3,9772.9,189.6,0.3,-0.5,28.5,19458.0,319.2,0.75593644
3:2.8 - 3:4.3,26735.0,2016.0,0.1,14.2,26702.6,1774.3,13495.9,306.9,-0.4,-0.4,1198.0,9653.0,192.1,-0.4,0.5,34.1,-20942.0,784.1,0.047873974
3:4.3 - 3:5.8,7790.0,1023.0,0.1,6.6,7751.3,1663.4,13123.7,255.7,0.7,0.1,1029.0,9520.7,208.2,0.4,-0.5,42.2,14562.0,184.7,0.005453926
3:5.8 - 3:7.2,12162.0,1579.6,0.2,4.7,12120.2,2309.4,13140.6,275.1,2.6,-0.3,1038.4,9559.8,190.6,0.5,-0.5,29.3,23078.0,415.0,0.003192357
3:7.2 - 3:8.7,9898.0,1536.0,0.0,4.9,9869.0,1514.7,13099.0,290.0,-0.2,0.1,1274.6,9529.1,256.0,0.3,-0.5,32.9,18836.0,300.7,0.007089907
3:8.7 - 3:10.2,24935.0,2148.9,-0.1,13.6,24898.3,1343.9,13600.6,260.7,0.8,-0.7,801.4,9735.7,147.7,-0.7,0.5,33.2,-19493.0,751.1,0.9528231
3:10.2 - 3:11.7,11530.0,1100.0,0.2,12.2,11494.4,1858.8,13192.9,352.8,-0.4,0.1,1217.9,9538.7,256.1,0.2,0.5,41.9,21306.0,275.3,0.003092475
3:11.7 - 3:13.2,9736.0,1413.4,0.2,5.3,10429.1,2791.7,13177.9,359.6,2.5,-0.3,1019.3,9619.2,218.0,0.4,0.5,34.3,20133.0,283.5,0.0030177701
3:13.2 - 3:14.7,26411.0,3043.8,0.1,2.1,26374.5,6367.3,16216.5,1742.8,-0.8,-0.7,3972.8,8290.2,987.6,0.3,-0.5,21.0,-22235.0,1259.2,0.9766533
3:14.7 - 3:16.2,9591.0,2066.9,-0.1,0.8,11286.2,5901.9,15928.6,1336.6,0.2,-1.2,3050.1,8641.7,665.4,1.0,0.5,20.9,20843.0,458.6,0.096544325
3:16.2 - 3:17.6,24782.0,2329.2,0.3,7.0,24751.9,1744.9,13474.1,293.6,0.3,-0.2,1056.3,9751.2,168.9,0.3,0.5,27.1,-22569.0,914.6,0.97296697
3:17.6 - 3:19.1,12968.0,1072.8,-0.7,26.6,21467.3,1340.9,13550.2,270.2,-0.6,0.0,781.4,9657.6,129.0,-0.2,0.5,40.0,-31137.0,323.9,0.0029401388
3:19.1 - 3:20.6,11409.0,1601.6,0.1,5.5,11367.8,1991.8,13358.2,305.7,0.7,0.3,943.0,9725.3,205.9,0.5,0.5,31.1,21218.0,366.4,0.006581193
3:20.6 - 3:22.1,30070.0,1725.3,0.7,21.1,30035.0,2986.1,13248.1,356.4,2.7,0.1,1153.2,9643.0,241.4,0.8,0.5,33.2,-18894.0,904.9,0.0551896
3:22.1 - 3:23.6,18965.0,2020.1,-0.1,6.6,19367.7,4126.1,14291.3,1084.7,0.1,1.2,2024.4,9374.4,579.5,-1.0,-0.5,29.0,-27243.0,654.5,0.109374106
3:23.6 - 3:25.1,10097.0,2977.5,0.0,-0.1,11284.7,4341.8,16191.5,635.3,1.9,-0.9,1864.1,8584.9,358.5,0.7,-0.5,13.5,21345.0,747.4,0.98801976
3:25.1 - 3:26.6,23200.0,2789.8,0.0,2.9,23157.5,4495.1,16231.7,710.8,1.5,0.6,2852.1,8417.8,387.1,-1.5,-0.5,17.6,-23593.0,1320.5,0.9766684
3:26.6 - 3:28.1,18697.0,2212.5,-0.0,4.1,18659.8,3561.5,17430.8,761.7,-1.0,0.1,2645.9,7703.0,591.7,-0.3,-0.5,22.4,-32417.0,835.9,0.06289256
3:28.1 - 3:29.5,11817.0,1997.0,0.0,1.5,11778.9,4913.7,16238.7,742.5,0.6,0.0,2578.4,8522.8,324.2,0.1,0.5,22.9,22677.0,515.2,0.090932444
3:29.5 - 3:31.0,10245.0,2865.0,-0.0,0.1,10802.3,4087.7,16241.0,716.6,0.6,-0.7,2283.9,8640.5,414.8,0.7,0.5,15.9,21016.0,645.6,0.992898
3:31.0 - 3:32.5,9742.0,2955.7,-0.1,0.2,10577.7,4634.8,15882.8,912.7,0.1,-0.7,2308.5,8896.8,485.0,0.5,0.5,14.5,20276.0,671.6,0.9893568
3:32.5 - 3:34.0,25555.0,2683.3,0.1,3.8,25519.1,7113.4,16572.7,1354.7,0.8,-1.1,3647.8,8082.3,664.0,0.0,0.5,19.1,-17335.0,1337.6,0.97253877
3:34.0 - 3:35.5,9962.0,2231.3,0.1,0.5,9924.9,4190.4,15972.7,744.5,0.4,-0.7,2245.1,8783.2,401.4,0.4,-0.5,18.2,18144.0,546.7,0.12261256
3:35.5 - 3:37.0,11241.0,2508.9,0.0,0.7,11189.0,3866.0,16018.2,707.2,0.0,-0.4,2239.9,8752.2,409.9,0.5,-0.5,17.1,22036.0,657.8,0.9892804
3:37.0 - 3:38.5,27377.0,3108.4,0.1,1.4,27344.9,4757.0,16101.2,869.6,0.4,-0.6,3179.4,8622.6,501.0,0.4,0.5,17.1,-18858.0,1597.7,0.9781305
3:38.5 - 3:39.9,20483.0,2608.1,-0.0,4.5,20527.7,5499.5,17140.4,1107.6,-0.6,0.1,3191.1,7724.2,693.0,-0.8,0.5,22.7,-24564.0,902.3,0.87736326
3:39.9 - 3:41.4,14115.0,1889.2,-0.1,3.7,14075.2,4724.5,15702.2,1001.0,-0.7,0.6,1919.2,8250.7,402.5,-1.0,0.5,21.8,27493.0,648.3,0.41102389
3:41.4 - 3:42.9,10049.0,1906.6,-0.1,0.4,12044.1,4384.3,15287.7,613.3,1.9,-0.3,1408.7,8419.3,190.4,-1.2,0.5,19.5,22059.0,516.5,0.021335363
3:42.9 - 3:44.4,14277.0,2714.5,0.0,0.7,15992.5,4106.6,16096.9,804.4,-0.5,-0.0,2357.7,8359.9,435.0,-0.2,0.5,19.7,30231.0,725.0,0.9871622
3:44.4 - 3:45.9,22931.0,2979.1,0.1,2.1,22894.4,4736.1,16475.0,1108.8,-0.9,0.5,3375.5,8089.5,668.7,-0.9,-0.5,16.3,-23386.0,1406.3,0.9691256
3:45.9 - 3:47.4,12203.0,1608.4,-0.1,2.1,13635.6,6088.7,16399.2,992.9,0.3,0.5,3080.3,8127.5,546.2,-1.2,-0.5,24.6,25799.0,496.8,0.014480187
3:47.4 - 3:48.9,13600.0,2261.5,0.0,1.2,13567.6,4540.6,16254.1,742.7,1.1,-0.8,2556.6,8388.7,452.2,0.1,0.5,19.7,25997.0,690.3,0.98103803
3:48.9 - 3:50.3,16059.0,2205.2,-0.1,2.6,19357.8,6804.8,16403.8,880.2,5.3,-1.1,2283.6,8159.1,392.2,-1.3,0.5,19.9,-30160.0,806.8,0.6008529
3:50.3 - 3:51.8,15842.0,2524.7,-0.1,2.0,24483.3,4102.9,16841.1,682.4,0.7,-0.1,2619.6,8005.8,479.0,-0.2,-0.5,19.4,-25248.0,815.4,0.97973037
3:51.8 - 3:53.3,10840.0,2237.0,-0.0,0.3,11015.1,5160.0,15730.1,809.8,0.8,-0.3,2209.7,8474.2,365.4,0.2,0.5,18.7,21816.0,579.8,0.98104584
3:53.3 - 3:54.8,23981.0,2761.1,0.1,4.0,23944.2,4747.2,16347.9,1133.4,-0.9,0.2,2882.7,8184.8,659.5,-0.6,0.5,16.2,-22552.0,1481.4,0.94732153
3:54.8 - 3:56.3,14084.0,1566.5,0.0,5.6,15509.8,4175.6,16782.9,790.0,0.3,0.7,2397.4,8015.3,484.8,-1.4,-0.5,24.2,29554.0,582.5,0.0881862
3:56.3 - 3:57.8,26732.0,2741.4,0.2,7.7,26693.4,3680.6,16054.6,642.9,1.7,-1.0,1989.7,8394.6,359.3,0.8,0.5,22.4,-17142.0,1192.9,0.94982755
3:57.8 - 3:59.3,23825.0,2660.9,0.0,5.6,23785.3,4686.3,17691.6,829.1,1.2,-0.9,3013.4,7384.8,599.9,0.3,-0.5,22.8,-21765.0,1043.1,0.97409445
3:59.3 - 4:0.7,24382.0,2191.4,0.0,10.5,24344.6,4891.6,17448.9,787.2,1.8,-0.7,3288.4,7612.2,559.1,-0.3,0.5,27.0,-21641.0,903.1,0.6372332
4:0.7 - 4:2.2,24540.0,2070.2,0.0,13.1,24500.2,3918.8,17186.2,690.4,0.2,0.1,2774.6,7771.7,494.5,-0.7,-0.5,30.3,-19199.0,810.7,0.53525126
4:2.2 - 4:3.7,24726.0,2433.5,-0.1,10.1,24685.8,6091.3,17312.9,985.3,2.8,-1.1,3802.0,7593.3,653.9,0.2,-0.5,27.1,-17581.0,913.1,0.975513
4:3.7 - 4:5.2,17418.0,1370.1,-0.0,11.0,18044.7,4266.7,17138.2,766.0,0.1,0.2,2716.1,7818.4,528.8,-1.3,-0.5,30.2,-30111.0,576.2,0.122124515
4:5.2 - 4:6.7,26850.0,3277.5,0.1,5.0,26813.2,5408.9,17080.6,924.1,1.9,-0.9,3099.6,7910.4,528.2,-0.1,-0.5,22.7,-17773.0,1181.0,0.9530671
4:6.7 - 4:8.2,25710.0,2417.4,0.0,8.2,25670.8,5898.0,17553.6,941.3,3.8,-1.6,3748.8,7509.3,593.1,0.7,0.5,25.4,-17709.0,1012.5,0.973823
4:8.2 - 4:9.7,24455.0,2128.2,-0.1,10.8,24418.9,5111.1,17371.3,739.4,3.3,-0.8,3420.5,7664.1,536.6,-0.3,-0.5,27.2,-18315.0,897.6,0.53336245
4:9.7 - 4:11.1,25423.0,2457.1,0.1,10.4,25386.9,5409.2,17338.6,911.0,1.6,-0.7,3746.5,7677.7,660.9,-0.4,-0.5,27.3,-18269.0,931.5,0.9513865
4:11.1 - 4:12.6,19593.0,1763.3,-0.0,9.8,19554.1,4296.2,17463.0,685.8,0.6,0.1,2941.2,7635.4,562.1,-0.6,-0.5,29.3,-29725.0,667.8,0.08812674
4:12.6 - 4:14.1,26180.0,2245.7,0.1,11.1,26141.9,4974.1,17416.7,762.3,1.5,-0.3,3552.2,7697.3,544.7,-0.5,-0.5,26.6,-16316.0,984.2,0.8822555
4:14.1 - 4:15.6,9496.0,2349.5,0.1,0.7,9434.0,16721.4,5242.8,6771.0,-0.6,1.2,6517.6,5077.2,1787.9,1.1,-0.0,22.3,18633.0,425.0,0.2731183
4:15.6 - 4:17.1,12455.0,2761.4,0.0,0.3,14838.1,2190.7,1390.9,372.3,8.6,2.9,2587.0,4086.6,442.1,2.2,-0.0,18.2,27219.0,685.6,0.98771405
4:17.1 - 4:18.6,13566.0,2169.0,-0.1,2.8,14092.0,2529.5,1398.6,484.3,5.7,2.5,2387.8,4076.6,476.9,1.6,-0.0,20.5,27578.0,663.4,0.8476235
4:18.6 - 4:20.1,9351.0,2640.9,0.1,-0.1,10292.6,2180.9,1319.9,205.2,39.6,4.9,1783.8,4024.2,255.3,1.0,0.0,15.0,19564.0,624.4,0.98701024
4:20.1 - 4:21.5,9019.0,2700.9,0.0,-0.1,9480.2,1769.5,1325.0,160.1,23.1,3.0,1839.6,4036.3,229.6,0.5,-0.0,15.4,18423.0,587.4,0.97787935
4:21.5 - 4:23.0,9173.0,2206.3,0.1,1.3,9308.0,5239.8,2641.4,1861.0,-1.4,0.7,2572.1,4697.7,941.9,0.6,-0.0,38.5,18429.0,238.4,0.07378994
4:23.0 - 4:24.5,11475.0,5293.4,-1.4,4.7,32762.3,4429.2,3153.5,1469.1,-1.5,0.4,2260.6,5116.5,745.0,0.0,0.0,36.9,-21293.0,310.9,0.5023702
4:24.5 - 4:26.0,6557.0,3350.4,-0.4,0.4,16611.9,2317.4,1697.2,398.0,5.1,2.1,1856.1,4276.4,333.4,1.4,-0.0,10.6,23153.0,616.6,0.98514473
4:26.0 - 4:27.5,5551.0,1527.2,-0.1,1.6,7578.8,2099.1,2133.5,430.4,-0.9,0.1,1714.2,4653.5,359.9,-0.2,0.0,27.0,13131.0,205.6,0.0055686017
4:27.5 - 4:29.0,2671.0,505.9,0.0,0.7,2671.5,1584.5,3156.1,304.0,0.1,-0.4,886.3,5342.6,167.1,-0.9,-0.0,41.4,5291.0,64.5,0.0029017502
4:29.0 - 4:30.5,6445.0,260.9,0.1,28.8,6444.6,3664.2,4306.0,557.3,6.0,2.0,560.3,5775.0,109.4,-0.4,-0.0,56.9,12705.0,113.3,0.00027609788
4:30.5 - 4:32.0,2083.0,184.1,-0.0,1.6,2392.0,2191.0,4762.2,429.5,1.8,1.4,295.7,5895.7,59.6,-0.0,0.0,63.9,4475.0,32.6,0.0006241882
